cell_id,batch,protocol,newstructure,protrusion,y_true,y_pred,abs_pct_err
b2c6,b2,3.6C(9%)-5C,False,False,393.0,653.8989004028799,66.38648865213229
b2c15,b2,3.6C(9%)-5C,False,False,396.0,648.2276199806881,63.6938434294667
b2c18,b2,5.2C(50%)-4.25C,False,False,449.0,731.3882447354102,62.8927048408486
b2c2,b2,5.2C(50%)-4.25C,False,False,424.0,625.6930364458906,47.569112369313814
b2c19,b2,6C(60%)-3C,False,False,392.0,562.5820566436184,43.515830776433276
b2c29,b2,5.2C(58%)-4C,False,False,452.0,644.9580696682091,42.68983842217015
b2c11,b2,5.2C(50%)-4.25C,False,False,449.0,635.7121676567962,41.58400170529982
b2c21,b2,6C(60%)-3C,False,False,408.0,575.0592854013576,40.94590328464646
b2c28,b2,4.8C(80%)-4.8C,False,False,437.0,611.2993390472682,39.88543227626274
b2c9,b2,5.6C(26%)-4.5C-newstructure,True,True,791.0,1093.8593114336957,38.28815568061892
b2c31,b2,5.6C(26%)-4.5C,False,False,425.0,584.4651630034356,37.52121482433778
b2c24,b2,4.8C(80%)-4.8C,False,False,514.0,701.3331755278498,36.44614309880346
b2c17,b2,5.6C(26%)-4.5C,False,False,471.0,641.7453754685762,36.251672074007686
b2c16,b2,4.8C(80%)-4.8C,False,False,472.0,639.5342268445548,35.49453958571077
b2c27,b2,5.2C(50%)-4.25C,False,False,474.0,636.0377465695406,34.18517860116889
b2c42,b2,5.2C(50%)-4.25C,False,False,474.0,634.5864097332865,33.878989395208116
b2c0,b2,5.2C(58%)-4C,False,False,477.0,636.4643285655085,33.430676848114985
b2c25,b2,5.2C(58%)-4C,False,False,493.0,655.7350471444098,33.00913735180726
b2c44,b2,5.2C(58%)-4C-newstructure,True,False,841.0,1107.837258365213,31.72856817660084
b2c7,b2,4.8C(80%)-4.8C-newstructure,True,False,777.0,1018.6468532143509,31.099981108668075
b2c3,b2,4.65C(44%)-5C,False,False,499.0,640.0847837809603,28.273503763719493
b2c46,b2,4.8C(80%)-4.8C,False,True,503.0,645.2135761296746,28.273076765342864
b2c30,b2,5.6C(26%)-4.5C,False,False,412.0,525.9581098023689,27.659735388924485
b2c20,b2,5.2C(58%)-4C,False,False,489.0,618.2494772554526,26.431385941810344
b2c10,b2,4.8C(80%)-4.8C,False,False,492.0,622.0085193236524,26.424495797490327
b2c13,b2,4.65C(69%)-6C,False,False,460.0,581.5512388954395,26.424182368573803
b2c4,b2,4.65C(69%)-6C,False,False,444.0,541.8432752926633,22.036773714563804
b2c26,b2,5.6C(26%)-4.5C,False,False,450.0,538.2766430894095,19.617031797646554
b2c5,b2,3.6C(30%)-6C,False,False,416.0,493.90423342998577,18.726979189900426
b2c14,b2,3.6C(30%)-6C,False,False,426.0,504.19439665254913,18.355492171959888
b2c32,b2,4.8C(80%)-4.8C-newstructure,True,False,809.0,956.158186953014,18.19013435760371
b2c41,b2,5.6C(26%)-4.5C,False,False,442.0,521.6415957027746,18.018460566238588
b2c1,b2,5.6C(26%)-4.5C,False,False,491.0,564.7519971087161,15.020773341897367
b2c12,b2,4.65C(44%)-5C,False,False,466.0,520.1943702684673,11.629693190658221
b2c33,b2,5.2C(58%)-4C-newstructure,True,True,1140.0,1018.6200904787474,10.6473604843204
b2c8,b2,5.2C(58%)-4C-newstructure,True,False,904.0,938.7734094639815,3.8466160911483924
b2c43,b2,4.8C(80%)-4.8C-newstructure,True,True,1029.0,1044.7912184772267,1.5346179278160077
b2c34,b2,5.6C(26%)-4.5C-newstructure,True,False,1186.0,1168.2633023706076,1.4955057023096492
b2c45,b2,5.6C(26%)-4.5C-newstructure,True,False,997.0,982.9547736192761,1.4087488847265672
